Company Name,Matched Name,Financial Year,Report End Year,Company Status,Failure Reason,Attempted URLs
Abhinav Capital Services Ltd.,Abhinav Capital Services Ltd,FY2026-27,2027,SUCCESS,response is not a valid PDF,https://www.bing.com/ck/a?!&&p=cb1486f0dbc2bf7745ef98b3cb01af884699f527ff82abd056f1282c973bb384JmltdHM9MTc4ODQ4MDAwMA&ptn=3&ver=2&hsh=4&fclid=19d0aa2b-685c-6d98-1f3c-bde169946cbc&u=a1aHR0cHM6Ly93b3JsZHNjaG9sYXJzaGlwZm9ydW0uY29tLzIwMTcyMDE4LWZ1bGx5LWZ1bmRlZC1zY2hvbGFyc2hpcHMtYXBwbHktbm93Lw&ntb=1
Ascom Leasing & Investments Ltd.,Ascom Leasing & Investments Ltd,FY2019-20,2020,SUCCESS,response is not a valid PDF,https://archives.nseindia.com/annual_reports/SME_AR_17611_ASCOM_2019_2020_08092020143806_08092020145603.zip
Ascom Leasing & Investments Ltd.,Ascom Leasing & Investments Ltd,FY2020-21,2021,SUCCESS,response is not a valid PDF,https://archives.nseindia.com/annual_reports/SME_AR_19266_ASCOM_2020_2021_03092021164828_09032021170017.zip
Ascom Leasing & Investments Ltd.,Ascom Leasing & Investments Ltd,FY2021-22,2022,SUCCESS,response is not a valid PDF,https://archives.nseindia.com/annual_reports/SME_AR_21335_ASCOM_2021_2022_05092022152928_09052022160001.zip
Ascom Leasing & Investments Ltd.,Ascom Leasing & Investments Ltd,FY2022-23,2023,SUCCESS,response is not a valid PDF,https://archives.nseindia.com/annual_reports/SME_AR_23517_ASCOM_2022_2023_05092023171403_09052023180016.zip
Ashika Global Securities Ltd.,Ashika Global Securities Ltd.,FY2011-12,2012,SUCCESS,response is not a valid PDF,https://www.bseindia.com/bseplus/AnnualReport/543766/5901220312.pdf | https://www.bseindia.com/HIS_ANN_RPT/HISTANNR/2012/ASHIKA_GLOBAL_SECURITIES-543766-MARCH-2012.PDF | https://www.bseindia.com/HIS_ANN_RPT/HISTANNR/2012/ASHIKA_GLOBAL_SECURITIES_LIMITED-543766-MARCH-2012.PDF | https://www.bseindia.com/HIS_ANN_RPT/HISTANNR/2012/ASHIKA_GLOBAL_SECURITIES_LTD-543766-MARCH-2012.PDF
Ashika Global Securities Ltd.,Ashika Global Securities Ltd.,FY2012-13,2013,SUCCESS,response is not a valid PDF,https://www.bseindia.com/bseplus/AnnualReport/543766/5901220313.pdf | https://www.bseindia.com/HIS_ANN_RPT/HISTANNR/2013/ASHIKA_GLOBAL_SECURITIES-543766-MARCH-2013.PDF | https://www.bseindia.com/HIS_ANN_RPT/HISTANNR/2013/ASHIKA_GLOBAL_SECURITIES_LIMITED-543766-MARCH-2013.PDF | https://www.bseindia.com/HIS_ANN_RPT/HISTANNR/2013/ASHIKA_GLOBAL_SECURITIES_LTD-543766-MARCH-2013.PDF
Ashika Global Securities Ltd.,Ashika Global Securities Ltd.,FY2013-14,2014,SUCCESS,response is not a valid PDF,https://www.bseindia.com/bseplus/AnnualReport/543766/5901220314.pdf | https://www.bseindia.com/HIS_ANN_RPT/HISTANNR/2014/ASHIKA_GLOBAL_SECURITIES-543766-MARCH-2014.PDF | https://www.bseindia.com/HIS_ANN_RPT/HISTANNR/2014/ASHIKA_GLOBAL_SECURITIES_LIMITED-543766-MARCH-2014.PDF | https://www.bseindia.com/HIS_ANN_RPT/HISTANNR/2014/ASHIKA_GLOBAL_SECURITIES_LTD-543766-MARCH-2014.PDF
Ashika Global Securities Ltd.,Ashika Global Securities Ltd.,FY2014-15,2015,SUCCESS,response is not a valid PDF,https://www.bseindia.com/bseplus/AnnualReport/543766/5901220315.pdf | https://www.bseindia.com/HIS_ANN_RPT/HISTANNR/2015/ASHIKA_GLOBAL_SECURITIES-543766-MARCH-2015.PDF | https://www.bseindia.com/HIS_ANN_RPT/HISTANNR/2015/ASHIKA_GLOBAL_SECURITIES_LIMITED-543766-MARCH-2015.PDF | https://www.bseindia.com/HIS_ANN_RPT/HISTANNR/2015/ASHIKA_GLOBAL_SECURITIES_LTD-543766-MARCH-2015.PDF
Ashika Global Securities Ltd.,Ashika Global Securities Ltd.,FY2015-16,2016,SUCCESS,response is not a valid PDF,https://www.bseindia.com/bseplus/AnnualReport/543766/5901220316.pdf | https://www.bseindia.com/HIS_ANN_RPT/HISTANNR/2016/ASHIKA_GLOBAL_SECURITIES-543766-MARCH-2016.PDF | https://www.bseindia.com/HIS_ANN_RPT/HISTANNR/2016/ASHIKA_GLOBAL_SECURITIES_LIMITED-543766-MARCH-2016.PDF | https://www.bseindia.com/HIS_ANN_RPT/HISTANNR/2016/ASHIKA_GLOBAL_SECURITIES_LTD-543766-MARCH-2016.PDF
Ashika Global Securities Ltd.,Ashika Global Securities Ltd.,FY2016-17,2017,SUCCESS,response is not a valid PDF,https://www.bseindia.com/bseplus/AnnualReport/543766/5901220317.pdf | https://www.bseindia.com/HIS_ANN_RPT/HISTANNR/2017/ASHIKA_GLOBAL_SECURITIES-543766-MARCH-2017.PDF | https://www.bseindia.com/HIS_ANN_RPT/HISTANNR/2017/ASHIKA_GLOBAL_SECURITIES_LIMITED-543766-MARCH-2017.PDF | https://www.bseindia.com/HIS_ANN_RPT/HISTANNR/2017/ASHIKA_GLOBAL_SECURITIES_LTD-543766-MARCH-2017.PDF
Ashika Global Securities Ltd.,Ashika Global Securities Ltd.,FY2017-18,2018,SUCCESS,response is not a valid PDF,https://www.bseindia.com/bseplus/AnnualReport/543766/5901220318.pdf | https://www.bseindia.com/HIS_ANN_RPT/HISTANNR/2018/ASHIKA_GLOBAL_SECURITIES-543766-MARCH-2018.PDF | https://www.bseindia.com/HIS_ANN_RPT/HISTANNR/2018/ASHIKA_GLOBAL_SECURITIES_LIMITED-543766-MARCH-2018.PDF | https://www.bseindia.com/HIS_ANN_RPT/HISTANNR/2018/ASHIKA_GLOBAL_SECURITIES_LTD-543766-MARCH-2018.PDF
Ashika Global Securities Ltd.,Ashika Global Securities Ltd.,FY2018-19,2019,SUCCESS,response is not a valid PDF,https://www.bseindia.com/bseplus/AnnualReport/543766/5901220319.pdf | https://www.bseindia.com/HIS_ANN_RPT/HISTANNR/2019/ASHIKA_GLOBAL_SECURITIES-543766-MARCH-2019.PDF | https://www.bseindia.com/HIS_ANN_RPT/HISTANNR/2019/ASHIKA_GLOBAL_SECURITIES_LIMITED-543766-MARCH-2019.PDF | https://www.bseindia.com/HIS_ANN_RPT/HISTANNR/2019/ASHIKA_GLOBAL_SECURITIES_LTD-543766-MARCH-2019.PDF
Ashika Global Securities Ltd.,Ashika Global Securities Ltd.,FY2019-20,2020,SUCCESS,response is not a valid PDF,https://www.bseindia.com/bseplus/AnnualReport/543766/5901220320.pdf | https://www.bseindia.com/HIS_ANN_RPT/HISTANNR/2020/ASHIKA_GLOBAL_SECURITIES-543766-MARCH-2020.PDF | https://www.bseindia.com/HIS_ANN_RPT/HISTANNR/2020/ASHIKA_GLOBAL_SECURITIES_LIMITED-543766-MARCH-2020.PDF | https://www.bseindia.com/HIS_ANN_RPT/HISTANNR/2020/ASHIKA_GLOBAL_SECURITIES_LTD-543766-MARCH-2020.PDF
Ashika Global Securities Ltd.,Ashika Global Securities Ltd.,FY2020-21,2021,SUCCESS,response is not a valid PDF,https://www.bseindia.com/bseplus/AnnualReport/543766/69699590122.pdf | https://www.bseindia.com/HIS_ANN_RPT/HISTANNR/2021/ASHIKA_GLOBAL_SECURITIES-543766-MARCH-2021.PDF | https://www.bseindia.com/HIS_ANN_RPT/HISTANNR/2021/ASHIKA_GLOBAL_SECURITIES_LIMITED-543766-MARCH-2021.PDF | https://www.bseindia.com/HIS_ANN_RPT/HISTANNR/2021/ASHIKA_GLOBAL_SECURITIES_LTD-543766-MARCH-2021.PDF
Ashika Global Securities Ltd.,Ashika Global Securities Ltd.,FY2021-22,2022,SUCCESS,response is not a valid PDF,https://www.bseindia.com/bseplus/AnnualReport/543766/74205590122.pdf | https://www.bseindia.com/HIS_ANN_RPT/HISTANNR/2022/ASHIKA_GLOBAL_SECURITIES-543766-MARCH-2022.PDF | https://www.bseindia.com/HIS_ANN_RPT/HISTANNR/2022/ASHIKA_GLOBAL_SECURITIES_LIMITED-543766-MARCH-2022.PDF | https://www.bseindia.com/HIS_ANN_RPT/HISTANNR/2022/ASHIKA_GLOBAL_SECURITIES_LTD-543766-MARCH-2022.PDF
Assam Entrade Ltd.,Assam Entrade Ltd,FY2013-14,2014,SUCCESS,HTTP 404 on candidate; tried alternate source,http://www.assamentrade.com/wp-content/uploads/2015/10/Annual-Report-2013-2014.pdf
Baid Finserv Ltd.,Baid Finserv Ltd,,,TIMEOUT,company budget exhausted,
Bervin Investment & Leasing Ltd.,,,,UNRESOLVED,No annual-report candidates discovered,
Bharti Telecom Ltd.,Bharti Telecom Ltd,,,UNRESOLVED,No annual-report candidates discovered,
Consolidated Finvest & Holdings Ltd.,Consolidated Finvest & Holdings Ltd,FY2011-12,2012,SUCCESS,response is not a valid PDF,https://archives.nseindia.com/annual_reports/AR_CONSOFINVT_2011_2012_31122012034242.zip
Consolidated Finvest & Holdings Ltd.,Consolidated Finvest & Holdings Ltd,FY2012-13,2013,SUCCESS,response is not a valid PDF,https://archives.nseindia.com/annual_reports/AR_1858_CONSOFINVT_2012_2013_12112013144107.zip
Consolidated Finvest & Holdings Ltd.,Consolidated Finvest & Holdings Ltd,FY2013-14,2014,SUCCESS,response is not a valid PDF,https://archives.nseindia.com/annual_reports/AR_4622_CONSOFINVT_2013_2014_01092014120347.zip
Consolidated Finvest & Holdings Ltd.,Consolidated Finvest & Holdings Ltd,FY2014-15,2015,SUCCESS,response is not a valid PDF,https://archives.nseindia.com/annual_reports/AR_8653_CONSOFINVT_2014_2015_14102015130014.zip
Consolidated Finvest & Holdings Ltd.,Consolidated Finvest & Holdings Ltd,FY2015-16,2016,SUCCESS,response is not a valid PDF,https://archives.nseindia.com/annual_reports/AR_10472_CONSOFINVT_2015_2016_10102016100427.zip
Consolidated Finvest & Holdings Ltd.,Consolidated Finvest & Holdings Ltd,FY2016-17,2017,SUCCESS,response is not a valid PDF,https://archives.nseindia.com/annual_reports/AR_12183_CONSOFINVT_2016_2017_12102017154632.zip
Consolidated Finvest & Holdings Ltd.,Consolidated Finvest & Holdings Ltd,FY2017-18,2018,SUCCESS,response is not a valid PDF,https://archives.nseindia.com/annual_reports/AR_14380_CONSOFINVT_2017_2018_23102018105306.zip
Consolidated Finvest & Holdings Ltd.,Consolidated Finvest & Holdings Ltd,FY2018-19,2019,SUCCESS,response is not a valid PDF,https://archives.nseindia.com/annual_reports/AR_15663_CONSOFINVT_2018_2019_03092019164533_03092019170021.zip
Consolidated Finvest & Holdings Ltd.,Consolidated Finvest & Holdings Ltd,FY2019-20,2020,SUCCESS,response is not a valid PDF,https://archives.nseindia.com/annual_reports/AR_17533_CONSOFINVT_2019_2020_07092020175613_07092020180011.zip
Consolidated Finvest & Holdings Ltd.,Consolidated Finvest & Holdings Ltd,FY2021-22,2022,SUCCESS,response is not a valid PDF,https://archives.nseindia.com/annual_reports/AR_21627_CONSOFINVT_2021_2022_07092022180339_09072022190031.zip
Consolidated Finvest & Holdings Ltd.,Consolidated Finvest & Holdings Ltd,FY2022-23,2023,SUCCESS,response is not a valid PDF,https://archives.nseindia.com/annual_reports/AR_23275_CONSOFINVT_2022_2023_02092023161506_09022023170005.zip
D G P Securities Ltd.,,,,UNRESOLVED,No annual-report candidates discovered,
Hi-Klass Trading & Investment Ltd.,Hi-Klass Trading & Investment Ltd,FY2014-15,2015,SUCCESS,HTTP 404 on candidate; tried alternate source,https://hiklass.co.in/Uploads/20171102231817925AnnualReport~2014-15.pdf
Hi-Klass Trading & Investment Ltd.,Hi-Klass Trading & Investment Ltd,FY2015-16,2016,SUCCESS,HTTP 404 on candidate; tried alternate source,https://hiklass.co.in/Uploads/20191023095504209tinyfilemanager.php
Hi-Klass Trading & Investment Ltd.,Hi-Klass Trading & Investment Ltd,FY2016-17,2017,SUCCESS,HTTP 404 on candidate; tried alternate source,https://hiklass.co.in/Uploads/20171102232227233AnnualReport~2016-17.pdf
Himatsingka Auto Enterprises Ltd.,Himatsingka Auto Enterprises Ltd,,,UNRESOLVED,No annual-report candidates discovered,
Home First Finance Co. India Ltd.,,,,UNRESOLVED,No annual-report candidates discovered,
IKF Finance Ltd.,,,,UNRESOLVED,No annual-report candidates discovered,
ISL Consulting Ltd.,ISL Consulting Ltd,FY2026-27,2027,SUCCESS,response is not a valid PDF,https://www.bing.com/ck/a?!&&p=b85e0d6168bd44cefee4ae78e425b5357220a591a7308fa7fa03e3f5f725c5f8JmltdHM9MTc4ODQ4MDAwMA&ptn=3&ver=2&hsh=4&fclid=2de8dc3f-5ce7-6606-3f17-cbf55d3967b7&u=a1aHR0cHM6Ly9pc2wuY29tLmluLw&ntb=1
Integrated Financial Services Ltd.,Integrated Financial Services Ltd,FY2015-16,2016,SUCCESS,"HTTPSConnectionPool(host='www.bseindia.com', port=443): Read timed out. (read timeout=15)",https://www.bseindia.com/bseplus/AnnualReport/500212/5002120316.pdf
Integrated Financial Services Ltd.,Integrated Financial Services Ltd,FY2018-19,2019,SUCCESS,"HTTPSConnectionPool(host='www.bseindia.com', port=443): Read timed out. (read timeout=15)",https://www.bseindia.com/bseplus/AnnualReport/500212/5002120319.pdf
JK Investo Trade (India) Ltd.,,,,UNRESOLVED,No annual-report candidates discovered,
Jai Bhikshu Credit & Holdings Ltd.,,,,UNRESOLVED,No annual-report candidates discovered,
Jio Financial Services Ltd.,Jio Financial Services Ltd,,,TIMEOUT,company budget exhausted,
Kreon Financial Services Ltd.,,,,UNRESOLVED,No annual-report candidates discovered,
Lakshmi Finance & Industrial Corporation Ltd.,Lakshmi Finance & Industrial Corporation Ltd,FY2014-15,2015,SUCCESS,response is not a valid PDF,https://archives.nseindia.com/annual_reports/AR_6807_LFIC_2014_2015_29072015123316.zip
Lakshmi Finance & Industrial Corporation Ltd.,Lakshmi Finance & Industrial Corporation Ltd,FY2015-16,2016,SUCCESS,response is not a valid PDF,https://archives.nseindia.com/annual_reports/AR_9397_LFIC_2015_2016_01092016154628.zip
Lakshmi Finance & Industrial Corporation Ltd.,Lakshmi Finance & Industrial Corporation Ltd,FY2016-17,2017,SUCCESS,response is not a valid PDF,https://archives.nseindia.com/annual_reports/AR_10917_LFIC_2016_2017_01082017142729.zip
Lakshmi Finance & Industrial Corporation Ltd.,Lakshmi Finance & Industrial Corporation Ltd,FY2017-18,2018,SUCCESS,response is not a valid PDF,https://archives.nseindia.com/annual_reports/AR_12993_LFIC_2017_2018_11082018142031.zip
Lakshmi Finance & Industrial Corporation Ltd.,Lakshmi Finance & Industrial Corporation Ltd,FY2018-19,2019,SUCCESS,response is not a valid PDF,https://archives.nseindia.com/annual_reports/AR_14930_LFIC_2018_2019_17072019141803_17072019150004.zip
Lakshmi Finance & Industrial Corporation Ltd.,Lakshmi Finance & Industrial Corporation Ltd,FY2019-20,2020,SUCCESS,response is not a valid PDF,https://archives.nseindia.com/annual_reports/AR_16661_LFIC_2019_2020_05082020165818_05082020170004.zip
Lakshmi Finance & Industrial Corporation Ltd.,Lakshmi Finance & Industrial Corporation Ltd,FY2020-21,2021,SUCCESS,response is not a valid PDF,https://archives.nseindia.com/annual_reports/AR_18580_LFIC_2020_2021_02082021161814_03082021203959.zip
Lakshmi Finance & Industrial Corporation Ltd.,Lakshmi Finance & Industrial Corporation Ltd,FY2022-23,2023,SUCCESS,response is not a valid PDF,https://archives.nseindia.com/annual_reports/AR_22319_LFIC_2022_2023_13072023153708_07132023160007.zip
Marg Techno Projects Ltd.,,,,UNRESOLVED,No annual-report candidates discovered,
NBI Industrial Finance Co. Ltd.,NBI Industrial Finance Company Ltd,FY2015-16,2016,SUCCESS,response is not a valid PDF,https://archives.nseindia.com/annual_reports/AR_10685_NBIFIN_2015_2016_31012017143837.zip
NBI Industrial Finance Co. Ltd.,NBI Industrial Finance Company Ltd,FY2016-17,2017,SUCCESS,response is not a valid PDF,https://archives.nseindia.com/annual_reports/AR_11454_NBIFIN_2016_2017_19092017115558.zip
NBI Industrial Finance Co. Ltd.,NBI Industrial Finance Company Ltd,FY2017-18,2018,SUCCESS,response is not a valid PDF,https://archives.nseindia.com/annual_reports/AR_13462_NBIFIN_2017_2018_18092018172346.zip
NBI Industrial Finance Co. Ltd.,NBI Industrial Finance Company Ltd,FY2018-19,2019,SUCCESS,response is not a valid PDF,https://archives.nseindia.com/annual_reports/AR_15416_NBIFIN_2018_2019_28082019122204_28082019130003.zip
NBI Industrial Finance Co. Ltd.,NBI Industrial Finance Company Ltd,FY2019-20,2020,SUCCESS,response is not a valid PDF,https://archives.nseindia.com/annual_reports/AR_17197_NBIFIN_2019_2020_03092020160217_03092020170002.zip
NBI Industrial Finance Co. Ltd.,NBI Industrial Finance Company Ltd,FY2020-21,2021,SUCCESS,response is not a valid PDF,https://archives.nseindia.com/annual_reports/AR_18947_NBIFIN_2020_2021_27082021132828_08272021193604.zip
NBI Industrial Finance Co. Ltd.,NBI Industrial Finance Company Ltd,FY2021-22,2022,SUCCESS,response is not a valid PDF,https://archives.nseindia.com/annual_reports/AR_20302_NBIFIN_2021_2022_09072022153037_07092022160003.zip
NBI Industrial Finance Co. Ltd.,NBI Industrial Finance Company Ltd,FY2022-23,2023,SUCCESS,response is not a valid PDF,https://archives.nseindia.com/annual_reports/AR_22468_NBIFIN_2022_2023_21072023095520_07212023100002.zip
Naga Dhunseri Group Ltd.,Naga Dhunseri Group Ltd,FY2016-17,2017,SUCCESS,response is not a valid PDF,https://archives.nseindia.com/annual_reports/AR_11112_NDGL_2016_2017_17082017123638.zip
Naga Dhunseri Group Ltd.,Naga Dhunseri Group Ltd,FY2017-18,2018,SUCCESS,response is not a valid PDF,https://archives.nseindia.com/annual_reports/AR_13040_NDGL_2017_2018_14082018130957.zip
Naga Dhunseri Group Ltd.,Naga Dhunseri Group Ltd,FY2018-19,2019,SUCCESS,response is not a valid PDF,https://archives.nseindia.com/annual_reports/AR_15099_NDGL_2018_2019_02082019173733_02082019180005.zip
Naga Dhunseri Group Ltd.,Naga Dhunseri Group Ltd,FY2019-20,2020,SUCCESS,response is not a valid PDF,https://archives.nseindia.com/annual_reports/AR_17234_NDGL_2019_2020_04092020104705_04092020110004.zip
Naga Dhunseri Group Ltd.,Naga Dhunseri Group Ltd,FY2020-21,2021,SUCCESS,response is not a valid PDF,https://archives.nseindia.com/annual_reports/AR_18869_NDGL_2020_2021_24082021182138_24082021190005.zip
Naga Dhunseri Group Ltd.,Naga Dhunseri Group Ltd,FY2021-22,2022,SUCCESS,response is not a valid PDF,https://archives.nseindia.com/annual_reports/AR_20630_NDGL_2021_2022_05082022194937_08052022200011.zip
Naga Dhunseri Group Ltd.,Naga Dhunseri Group Ltd,FY2022-23,2023,SUCCESS,response is not a valid PDF,https://archives.nseindia.com/annual_reports/AR_23005_NDGL_2022_2023_28082023174032_08282023180017.zip
Nalwa Sons Investments Ltd.,Nalwa Sons Investments Ltd,FY2011-12,2012,SUCCESS,response is not a valid PDF,https://archives.nseindia.com/annual_reports/AR_NSIL_2011_2012_17092012091208.zip | https://www.bseindia.com/HIS_ANN_RPT/HISTANNR/2012/NALWA_SONS_INVESTMENTS-532256-MARCH-2012.PDF | https://www.bseindia.com/HIS_ANN_RPT/HISTANNR/2012/NALWA_SONS_INVESTMENTS_LIMITED-532256-MARCH-2012.PDF | https://www.bseindia.com/HIS_ANN_RPT/HISTANNR/2012/NALWA_SONS_INVESTMENTS_LTD-532256-MARCH-2012.PDF
Parsoli Corporation Ltd.,Parsoli Corporation Ltd,,,UNRESOLVED,No annual-report candidates discovered,
RGF Capital Markets Ltd.,,,,UNRESOLVED,No annual-report candidates discovered,
RR Financial Consultants Ltd.,,,,UNRESOLVED,No annual-report candidates discovered,
Rama Finance Ltd.,,,,UNRESOLVED,No annual-report candidates discovered,
SP Capital Financing Ltd.,,,,UNRESOLVED,No annual-report candidates discovered,
STL Investments Ltd.,,,,UNRESOLVED,No annual-report candidates discovered,
Sahara Housingfina Corporation Ltd.,,,,UNRESOLVED,No annual-report candidates discovered,
Stanrose Mafatlal Investments & Finance Ltd.,,,,UNRESOLVED,No annual-report candidates discovered,
Sunshine Capital Ltd.,Sunshine Capital Ltd,FY2021-22,2022,SUCCESS,response is not a valid PDF,https://www.bseindia.com/bseplus/AnnualReport/539574/75464539574.pdf | https://www.bseindia.com/HIS_ANN_RPT/HISTANNR/2022/SUNSHINE_CAPITAL-539574-MARCH-2022.PDF | https://www.bseindia.com/HIS_ANN_RPT/HISTANNR/2022/SUNSHINE_CAPITAL_LIMITED-539574-MARCH-2022.PDF | https://www.bseindia.com/HIS_ANN_RPT/HISTANNR/2022/SUNSHINE_CAPITAL_LTD-539574-MARCH-2022.PDF
UV Fincorp Ltd.,,,,UNRESOLVED,No annual-report candidates discovered,
